{
  "results": [
    {
      "command": "cd benchmark_tmp/make && ./scripts/install_make.sh",
      "mean": 15.480331759239998,
      "stddev": 0.44357248092198004,
      "median": 15.446047313040001,
      "user": 11.069686139999998,
      "system": 2.1888972200000003,
      "min": 14.95253941754,
      "max": 16.37413112654,
      "times": [
        14.99768941754,
        15.262679167540002,
        15.592049625540001,
        16.37413112654,
        14.95253941754,
        15.15924654254,
        15.970239667540001,
        15.587737292540002,
        15.30435733354,
        15.60264800154
      ],
      "exit_codes": [
        0,
        0,
        0,
        0,
        0,
        0,
        0,
        0,
        0,
        0
      ]
    },
    {
      "command": "cd benchmark_tmp/poetry && ./scripts/install_poetry.sh",
      "mean": 2.0703818382400003,
      "stddev": 0.06478312486184579,
      "median": 2.06505685504,
      "user": 1.58402684,
      "system": 0.33186931999999997,
      "min": 1.9855217925400002,
      "max": 2.18135079254,
      "times": [
        2.03023012554,
        2.18135079254,
        2.08883058454,
        2.02702420854,
        1.9855217925400002,
        2.08199616754,
        2.08305816754,
        2.16931475054,
        2.04811754254,
        2.00837425054
      ],
      "exit_codes": [
        0,
        0,
        0,
        0,
        0,
        0,
        0,
        0,
        0,
        0
      ]
    },
    {
      "command": "cd benchmark_tmp/piptools && ./scripts/install_piptools.sh",
      "mean": 18.09383088834,
      "stddev": 0.4019088247912217,
      "median": 18.02098887554,
      "user": 12.328470240000001,
      "system": 2.38265832,
      "min": 17.67957954254,
      "max": 18.86680162554,
      "times": [
        17.94400366754,
        18.11254358354,
        18.57987475054,
        18.09797408354,
        18.86680162554,
        17.71330837654,
        17.67957954254,
        17.71123250154,
        17.85820487654,
        18.37478587554
      ],
      "exit_codes": [
        0,
        0,
        0,
        0,
        0,
        0,
        0,
        0,
        0,
        0
      ]
    },
    {
      "command": "cd benchmark_tmp/uv && ./scripts/install_uv.sh",
      "mean": 0.7055530676400001,
      "stddev": 0.08062660990931954,
      "median": 0.69011875104,
      "user": 0.5505791399999999,
      "system": 0.10305961999999999,
      "min": 0.6369011265400001,
      "max": 0.90487404254,
      "times": [
        0.6369011265400001,
        0.64777187554,
        0.6768779595400001,
        0.64058000154,
        0.76428229254,
        0.90487404254,
        0.70335954254,
        0.70587083454,
        0.71557866754,
        0.65943433354
      ],
      "exit_codes": [
        0,
        0,
        0,
        0,
        0,
        0,
        0,
        0,
        0,
        0
      ]
    }
  ]
}
